主キー,問題,正解選択肢,その他選択肢1,その他選択肢2,その他選択肢3,ジャンル,難易度
1,アダルトアニメのジャンル確立以前、1970年代に制作された性的描写を含む劇場アニメーション作品として知られるものは何でしょう？,千夜一夜物語,哀しみのベラドンナ,クレオパトラ,家なき子,アダルトアニメ,2
2,アダルトアニメの表現規制において、性器の露出を直接的に描写するのではなく、比喩的な表現や記号を用いる手法は何と呼ばれることが多いでしょう？,ソフトコア表現,ハードコア表現,ぼかし表現,モザイク表現,アダルトアニメ,3
3,アダルトアニメのジャンルの一つで、女性同士の同性愛を描いた作品群のうち、特に耽美的な雰囲気を持つものを指す言葉として、1990年代に広まったのは何でしょう？,ガールズラブ,レズビアン,百合,薔薇,アダルトアニメ,4
4,アダルトアニメの制作スタジオで、1980年代からOVAを中心に成人向け作品を多数手がけ、「くりいむレモン」シリーズなどを制作したことで知られるのはどこでしょう？,ピンクパイナップル,AIC,トライアングルスタッフ,J.C.STAFF,アダルトアニメ,3
5,アダルトアニメの表現規制において、モザイク処理よりも詳細な部分を隠蔽するために用いられることがある、黒いシルエットや図形で覆う処理は何と呼ばれるでしょう？,ベタ塗り,黒塗り,影処理,墨塗り,アダルトアニメ,2
6,アダルトアニメのジャンルの一つで、兄妹や姉弟など、近親者間の恋愛や性的な関係を描いた作品群を指す言葉として、特に禁断の愛を描くニュアンスが強いのは何でしょう？,インセスト,近親相姦,兄妹愛,家族愛,アダルトアニメ,4
7,アダルトアニメのキャラクターデザインにおいて、性的魅力を強調する要素として、現実のプロポーションとは異なる極端な体型やパーツが描かれることがありますが、これは一般的に何と呼ばれる傾向があるでしょう？,記号化,デフォルメ,誇張表現,劇画調,アダルトアニメ,3
8,アダルトアニメの歴史において、1980年代後半から1990年代にかけて、より過激な性描写や暴力描写を含む作品がOVAで制作されるようになり、社会現象ともなったジャンルは何でしょう？,ハードコアOVA,裏OVA,成人向けOVA,過激アニメ,アダルトアニメ,4
9,アダルトアニメのジャンルの一つで、男性同士の同性愛を描いた作品群のうち、特に男性的な魅力や力強さを強調する傾向があるのは何でしょう？,ボーイズラブ,BL,やおい,耽美,アダルトアニメ,3
10,アダルトアニメに関連するイベントで、成人向けの同人作品やグッズなどを専門に扱う即売会として、コミックマーケットとは別に開催されることがあるのは何でしょう？,COMIC1,コミティア,AnimeJapan,character1,アダルトアニメ,3
11,アダルトゲームの黎明期において、パソコンで動作するアドベンチャーゲームで、性的描写を含むことで話題となり、後のアダルトゲーム市場の礎を築いたとされる作品は何でしょう？,天使たちの午後,ナイトライフ,ドキドキ学園,レモンエンジェル,アダルトゲーム,4
12,アダルトゲームのジャンルの一つで、プレイヤーが主人公となり、複数の魅力的なヒロインと恋愛関係を深めていく過程を楽しむゲームにおいて、物語の選択肢によって結末が大きく変化するシステムは何と呼ばれるでしょう？,マルチエンディング,ギャルゲー,恋愛シミュレーション,ノベルゲーム,アダルトゲーム,2
13,アダルトゲームのプラットフォームで、家庭用ゲーム機において、性的表現を含むゲームが極めて限定的にしか発売されない主な理由は何でしょう？,倫理規定による規制,技術的な制約,市場のニーズの低さ,開発コストの高さ,アダルトゲーム,3
14,アダルトゲームの表現規制において、性的表現を和らげるために、キャラクターの立ち絵やイベントCGの一部を意図的にぼかしたり、モザイクをかけたりする処理以外に、特定の部位を別のオブジェクトで隠す手法は何と呼ばれるでしょう？,秘匿処理,隠蔽工作,伏字表現,差し替え,アダルトゲーム,3
15,アダルトゲームのジャンルの一つで、性的行為を伴うミニゲームをクリアすることで、ストーリーが進展したり、新たな性的シーンが解放されたりする形式のゲームは何と呼ばれることが多いでしょう？,エロゲパズル,脱衣ゲーム,性的ミニゲーム集,アダルトミニゲーム,アダルトゲーム,4
16,アダルトゲームのブランドで、「Fate/stay night」や「魔法使いの夜」など、重厚な世界観と魅力的なキャラクター、そして緻密なシナリオで高い評価を得ていることで知られるのはどこでしょう？,TYPE-MOON,Key,Leaf,Nitroplus,アダルトゲーム,4
17,アダルトゲームの販売形態において、インターネットの普及以前に主流であったパッケージ販売において、不正コピーを防ぐために用いられていた技術の一つは何でしょう？,プロテクト,コピーガード,DRM,シリアルコード,アダルトゲーム,3
18,アダルトゲームのジャンルの一つで、女性が主人公となり、複数の魅力的な男性キャラクターとの恋愛を楽しむゲームにおいて、攻略対象のキャラクターとの好感度によって物語が分岐するシステムは何と呼ばれるでしょう？,恋愛ADV,乙女ゲーム,女性向け恋愛ゲーム,ハーレムゲーム,アダルトゲーム,3
19,アダルトゲームに関連するイベントで、同人作品やグッズなどが販売される大規模な即売会として、主にPCゲームやコンシューマーゲームに特化したイベントとして知られるものは何でしょう？,DreamParty,コミックマーケット,東京ゲームショウ,AnimeJapan,アダルトゲーム,3
20,アダルトゲームのジャンルの一つで、プレイヤーが主人公となり、性的行為を含む冒険や戦いを繰り広げるロールプレイングゲームにおいて、キャラクターの能力値だけでなく、性的スキルや魅力を育成する要素が含まれるものは何と呼ばれることが多いでしょう？,エロRPG,性的ファンタジーRPG,アダルトアドベンチャーRPG,官能RPG,アダルトゲーム,4
21,アダルトマンガのジャンルの一つで、女性同士の恋愛や性的な関係を描いた作品群のうち、特に官能的な表現や濃厚な描写を重視する傾向があるものは何と呼ばれるでしょう？,レズビアンコミック,百合漫画,ガールズラブ,女性同性愛漫画,アダルトマンガ,3
22,アダルトマンガの表現規制において、性器の形状を曖昧にするために、点描や細かい線で覆う処理は何と呼ばれることが多いでしょう？,ハーフトーン処理,モザイク処理,スクリーントーン処理,砂目処理,アダルトマンガ,3
23,アダルトマンガのジャンルの一つで、男性同士の恋愛や性的な関係を描いた作品群のうち、特に男性の肉体美や激しい感情表現を強調する傾向があるものは何と呼ばれるでしょう？,ボーイズラブコミック,BL漫画,やおい,男性同性愛漫画,アダルトマンガ,3
24,アダルトマンガの作家で、1980年代に独特のシュールなギャグセンスとエロティックな表現で人気を博し、「シベール」などの作品で知られるのは誰でしょう？,吾妻ひでお,竹本泉,まつもと泉,江口寿史,アダルトマンガ,4
25,アダルトマンガのジャンルの一つで、人間以外の生物や異形の存在との性的な関係を描いた作品群を指す言葉として、特に獣の要素を持つキャラクターに特化したものは何でしょう？,ケモノ漫画,獣姦漫画,アニマルコミック,異種族性交漫画,アダルトマンガ,4
26,アダルトマンガの販売形態において、電子書籍の普及により、紙媒体では表現が難しかった過激な性描写が可能になった一方で、新たな表現規制の議論も生まれていますが、それはどのような形で行われることが多いでしょう？,プラットフォームごとの自主規制,政府による法的規制,業界団体によるガイドライン策定,読者からの抗議による修正,アダルトマンガ,3
27,アダルトマンガのジャンルの一つで、年齢差のあるカップルの恋愛や性的な関係を描いた作品群のうち、特に年上の女性が年下の男性を翻弄するような関係性を描いたものは何と呼ばれることが多いでしょう？,年の差恋愛,熟女攻め,年下攻め,姉御系,アダルトマンガ,3
28,アダルトマンガの歴史において、1970年代に登場し、少女漫画のような繊細な絵柄で女性の性的魅力を描く作風は、当時の若者を中心に支持を集めましたが、これは一般的に何と呼ばれる傾向があったでしょう？,エロチック少女漫画,耽美系アダルトマンガ,少女系エロマンガ,ロマンポルノコミック,アダルトマンガ,3
29,アダルトマンガのジャンルの一つで、日常的な生活の中で偶然起こる性的ハプニングや、近隣住民との秘密の関係を描いた作品群を指す言葉として、より現実的なシチュエーションを重視するものは何でしょう？,近親相姦,痴漢,盗撮,ご近所もの,アダルトマンガ,3
30,アダルトマンガに関連するイベントで、成人向けの同人作品などを専門に扱う即売会として、コミックマーケットとは別に、より小規模で多様なジャンルの作品が集まる傾向があるのは何でしょう？,COMITIA,コミックシティ,AnimeJapan,マンガ・アニメフェスティバル,アダルトマンガ,3
31,成人向け同人誌の主な販売場所として知られる同人誌即売会において、成人向け作品を取り扱うサークルに対して、年齢確認などの規制が特に厳しく行われる大規模イベントは何でしょう？,コミックマーケット,コミティア,AnimeJapan,character1,成人向け同人誌,2
32,成人向け同人誌でよく扱われるテーマの一つである二次創作において、原作のキャラクター設定や世界観を大きく逸脱し、性的表現や暴力表現を過度に強調した作品は、一部で何と呼ばれることがありますか？,ブラック本,アングラ同人誌,問題作,禁書,成人向け同人誌,4
33,成人向け同人誌の表現規制において、印刷物の自主規制として、性的描写の一部をインクの色を変えたり、文字で隠したりするなどの手法は何と呼ばれることがありますか？,墨塗り,伏せ字,自主規制線,ハーフトーン処理,成人向け同人誌,3
34,成人向け同人誌のジャンルの一つで、特定のカップリング（キャラクター同士の組み合わせ）に特化した作品の中でも、特に性的描写が中心となるものは何と呼ばれることが多いでしょう？,カップリング本,R-18本,CP本,恋愛本,成人向け同人誌,3
35,成人向け同人誌の制作において、複数の作家が共同で一つのテーマや企画に基づいて作品を制作する形式で、それぞれの個性が際立つ作品が集まるものは何と呼ばれるでしょう？,アンソロジー,合同誌,寄稿集,合作,成人向け同人誌,2
36,成人向け同人誌の購入方法として、近年利用者が増加している匿名での取引が可能な同人誌専門のオンライン通販サイトの代表的な例は何でしょう？,とらのあな,メロンブックス,BOOTH,アニメイトオンラインショップ,成人向け同人誌,3
37,成人向け同人誌のジャンルの一つで、アダルトゲーム作品を題材にした二次創作において、ゲーム本編では描かれなかった性的シーンや裏設定などを扱った作品は何と呼ばれることが多いでしょう？,ゲーム系エロ同人誌,裏設定本,アダルトゲームアンソロジー,ゲームパロディ,成人向け同人誌,3
38,成人向け同人誌の歴史において、インターネットの普及とともに登場した販売方法で、作者が自身のウェブサイトやプラットフォームを通じて直接読者に販売する形式は何と呼ばれるでしょう？,DL販売,オンライン即売会,個人通販,電子書籍販売,成人向け同人誌,2
39,成人向け同人誌のジャンルの一つで、特定の作家の過去の作品や未発表作品などをまとめたものは何と呼ばれることが多いでしょう？,個人誌,作品集,再録集,短編集,成人向け同人誌,2
40,成人向け同人誌のイベントで、女性向けの同人誌が多く集まることで知られ、BL（ボーイズラブ）ジャンルの作品が特に充実している大規模イベントは何でしょう？,コミックシティ,コミックマーケット,コミティア,J庭（JUNE BRIDE FES）,成人向け同人誌,3
41,アダルトグッズの代表的な種類の一つで、男性向けの自慰行為に使用される、内部が複雑な形状になっていることが多い玩具は何でしょう？,オナホール,バイブレーター,ローター,ディルド,アダルトグッズ,2
42,アダルトグッズの素材として、近年特に安全性と肌触りの良さから人気が高く、医療用にも用いられることがある素材は何でしょう？,シリコン,TPE,ABS樹脂,ガラス,アダルトグッズ,3
43,アダルトグッズの販売において、購入者のプライバシー保護のため、配送伝票に商品名ではなく、雑貨や日用品などと記載して送るサービスは何と呼ばれるでしょう？,品名偽装,匿名配送,プライバシー配送,シークレット便,アダルトグッズ,2
44,アダルトグッズの種類の一つで、女性器の形状を模倣した玩具のうち、特に内部の感触や刺激にこだわったリアルな製品は何と呼ばれることが多いでしょう？,リアルオナホール,女性器模型,ダッチワイフ,ラブドール,アダルトグッズ,3
45,アダルトグッズの種類の一つで、振動によって性的快感を得るための玩具のうち、女性向けで様々な形状や機能を持つものは何と呼ばれることが多いでしょう？,バイブレーター,ローター,マッサージャー,電動マッサージ器,アダルトグッズ,2
46,アダルトグッズの購入層において、近年増加している女性が、自身で使用する目的で購入するアダルトグッズの総称は何と呼ばれることがありますか？,フェムテックグッズ,セルフプレジャーグッズ,女性用セックストイ,大人女子グッズ,アダルトグッズ,3
47,アダルトグッズの種類の一つで、性的な興奮を高める効果があるとされる香りのオイルのうち、特定のフェロモンを含有すると謳われているものは何と呼ばれるでしょう？,フェロモンオイル,媚薬オイル,アロマティックオイル,マッサージオイル,アダルトグッズ,3
48,アダルトグッズの歴史において、江戸時代に性的な描写が描かれた浮世絵は何と呼ばれていましたか？,春画,艶画,秘画,枕絵,アダルトグッズ,3
49,アダルトグッズの種類の一つで、アニメやゲームのキャラクターの性的イラストがプリントされた抱き枕カバーのうち、特に添い寝をしているような感覚を味わえるように工夫されたものは何と呼ばれるでしょう？,添い寝シーツ,抱き枕カバー,等身大シーツ,キャラクター抱き枕,アダルトグッズ,2
50,アダルトグッズの保管方法として、シリコン製の玩具を保管する際に避けるべき素材は何でしょう？,他のシリコン製品,プラスチック製品,金属製品,木製製品,アダルトグッズ,3
51,AV（アダルトビデオ）の黎明期において、家庭用ビデオデッキの規格争いでVHSとシェアを争った規格は何でしょう？,ベータマックス,8ミリビデオ,レーザーディスク,VHD,AV,3
52,AVのジャンルの一つで、ストーリー仕立てで性行為を描く作品のうち、特に映画のような本格的な演出や脚本にこだわったものは何と呼ばれるでしょう？,ドラマAV,シネマAV,劇場版AV,本格AV,AV,3
53,AVの制作において、出演者のプライバシー保護のため、契約期間や撮影内容、ギャランティなどを明確に記した契約書を交わすことは一般的ですか？,一般的である,一般的ではない,一部の制作会社のみ,口約束のみ,AV,2
54,AVのジャンルの一つで、一般の人が出演する作品のうち、特に素人ならではのリアルな雰囲気を重視したものは何と呼ばれるでしょう？,素人AV,アマチュアAV,一般人AV,投稿AV,AV,2
55,AVの表現規制において、性器などを隠すために用いられるモザイク処理の種類で、映像全体に細かいドットを敷き詰めることで隠蔽する手法は何と呼ばれることが多いでしょう？,ドットモザイク,ブロックモザイク,ぼかしモザイク,砂嵐モザイク,AV,3
56,AVのジャンルの一つで、特定のフェティシズムに焦点を当てた作品のうち、足に性的魅力を感じるフェティシズムをテーマにしたものは何と呼ばれるでしょう？,足フェチAV,レッグフェチAV,フット fetish AV,美脚AV,AV,3
57,AVの販売形態において、近年主流となっているダウンロード販売において、購入者がファイルを入手する際に用いられる技術で、著作権保護の機能を持つものは何と呼ばれるでしょう？,DRM（デジタル著作権管理）,ストリーミング,P2P,ファイル共有,AV,3
58,AVのジャンルの一つで、複数の女性と一人の男性が性行為を行う作品のうち、参加者全員が合意の上で行われる性行為を描いたものは何と呼ばれることが多いでしょう？,ハーレムAV,集団AV,乱交AV,合同AV,AV,3
59,AVの歴史において、1990年代後半から2000年代初頭にかけて、よりリアルな性行為や出演者の素に近い表情を捉えることを重視したジャンルは何と呼ばれることが多かったでしょう？,生AV,ノンフィクションAV,ドキュメンタリーAV,リアルAV,AV,3
60,AVのジャンルの一つで、特定の職業や役割を演じる作品のうち、教師と生徒の関係を描いたものは何と呼ばれるでしょう？,教師ものAV,学園AV,制服AV,教育AV,AV,2
61,SM（サディズム・マゾヒズム）において、精神的な苦痛や屈辱を与えることで性的興奮を得るサディズムの形態は何と呼ばれるでしょう？,メンタルサディズム,フィジカルサディズム,ソフトサディズム,ハードサディズム,SM・BDSM,3
62,BDSM（ボンデージ・ディシプリン・サディズム・マゾヒズム）において、相手を拘束する際に用いられるロープの結び方や技術に特化した分野は何と呼ばれるでしょう？,縄師,緊縛師,拘束アーティスト,ロープアーティスト,SM・BDSM,3
63,SMプレイにおいて、Dom（ドム）がSub（サブ）に対して与える指示や命令のうち、日常生活における行動規範やルールを定めるものは何と呼ばれるでしょう？,ディシプリン,ルール,命令,課題,SM・BDSM,2
64,SMプレイにおいて、Sub（サブ）がDom（ドム）に対して服従や忠誠を示す行為のうち、Domの命令や指示に無条件に従う姿勢は何と呼ばれるでしょう？,絶対服従,忠誠心,隷属,献身,SM・BDSM,2
65,SMプレイにおいて、DomとSubの役割を状況によって変えることができるSwitch（スイッチ）の人が、どちらの役割を演じるかに迷う状態は何と呼ばれるでしょう？,スイッチ葛藤,ロールジレンマ,役割迷子,プレイスタイル迷走,SM・BDSM,3
66,SMプレイにおいて、ボンデージで使用されるロープの種類で、肌触りが良く、強度も高い天然素材のロープは何でしょう？,麻縄,綿縄,ナイロンロープ,ポリエステルロープ,SM・BDSM,3
67,SMプレイにおいて、痛みを与える道具の一つである鞭の種類で、複数の細い革紐が束ねられたものは何と呼ばれるでしょう？,キャットオナインテイルズ,シングルテール,パドル,クロップ,SM・BDSM,4
68,SM用語で、プレイ中に予期せぬ事態が発生したり、限界を感じたりした際に、プレイを中断するための合図として用いられる言葉は何が一般的でしょう？,レッド,イエロー,グリーン,ブラック,SM・BDSM,2
69,SMコミュニティにおいて、SMプレイを行う人々の間で共有される価値観や倫理観で、安全・同意・健全性を重視する考え方を何と呼ぶでしょう？,SANE,SAFE,SSC,RACK,SM・BDSM,3
70,SMプレイに関する合意形成において、プレイの内容だけでなく、プレイ後のケアや感情的なサポートについても話し合うことは重要ですか？,非常に重要である,重要ではない,状況による,どちらでもよい,SM・BDSM,2
71,フェティシズムにおいて、特定の物に性的魅力を感じる嗜好の中でも、下着に性的魅力を感じる嗜好は何と呼ばれるでしょう？,ランジェリーフェチ,下着フェチ,アンダーウェアフェチ,インナーフェチ,フェティシズム,2
72,フェティシズムの対象となるもので、靴下、特に女性用のストッキングやタイツに性的魅力を感じる嗜好は何と呼ばれるでしょう？,ソックスフェチ,レッグウェアフェチ,タイツフェチ,ストッキングフェチ,フェティシズム,3
73,フェティシズムの対象となるもので、特定の職業の制服に性的魅力を感じる嗜好は何と呼ばれるでしょう？,制服フェチ,コスチュームフェチ,職業フェチ,ユニフォームフェチ,フェティシズム,3
74,フェティシズムの対象となるもので、髪の毛、特に長い髪の毛に性的魅力を感じる嗜好は何と呼ばれるでしょう？,ヘアフェチ,ロン毛フェチ,黒髪フェチ,毛髪フェチ,フェティシズム,3
75,フェティシズムの対象となるもので、特定の音、例えば高いヒールの靴音が床を叩く音に性的魅力を感じる嗜好は何と呼ばれるでしょう？,サウンドフェチ,足音フェチ,靴音フェチ,ASMRフェチ,フェティシズム,3
76,フェティシズムの対象となるもので、特定の状況、例えば他人に覗かれている状況に性的魅力を感じる嗜好は何と呼ばれるでしょう？,覗き見趣味,露出趣味,シチュエーションフェチ,盗撮趣味,フェティシズム,4
77,フェティシズムは、精神医学的な診断基準において、性的興奮の対象が非人間的な物や身体の一部に限定され、社会生活に支障をきたす場合に診断されることがありますが、それは何という診断名に分類されることが多いでしょう？,性的倒錯症,性嗜好不全,性機能不全,精神病性障害,フェティシズム,4
78,フェティシズムの対象となるもので、汗や体液など、人間の分泌物に性的魅力を感じる嗜好は何と呼ばれるでしょう？,体液フェチ,スメルフェチ,分泌物フェチ,汗フェチ,フェティシズム,4
79,フェティシズムの対象となるもので、特定の年齢層、例えば幼児や児童に性的魅力を感じる嗜好は、法的に問題視されることがありますが、それぞれ何と呼ばれるでしょう？,小児性愛,幼児性愛,児童性愛,若年者性愛,フェティシズム,5
80,フェティシズムについて、その対象となる物や状況だけでなく、それらに対する個人の解釈や想像力が性的興奮に深く関わっていると考えられますが、この心理的な要素は何と呼ばれることが多いでしょう？,性的連想,性的イメージ,性的幻想,性的嗜好,フェティシズム,3
81,エロティックなテーマのコスプレで、アニメやゲームのキャラクターの性的魅力を強調するために、衣装の露出度を極端に高くしたり、原作にはないアレンジを加えたりする行為は何と呼ばれることが多いでしょう？,セクシーアレンジ,過激化,露出増し,R-18アレンジ,コスプレ (エロティックなテーマ),3
82,エロティックなテーマのコスプレで、写真撮影の際に、キャラクターの持つ性的魅力を最大限に引き出すために、意図的に性的なポーズや挑発的な視線を向けることは一般的ですか？,一般的である,一般的ではない,一部のレイヤーのみ行う,イベントによっては禁止されている,コスプレ (エロティックなテーマ),2
83,エロティックなテーマのコスプレイベントにおいて、参加者が他の参加者に対して、性的な言動や不必要な接触を行うことは許容されますか？,一切許容されない,状況によっては許容される,相手が同意していれば問題ない,イベントのルールによる,コスプレ (エロティックなテーマ),1
84,エロティックなテーマのコスプレで人気のジャンルの一つに、下着や水着をモチーフにした衣装がありますが、これらは原作のキャラクターが実際に着用している場合と、コスプレイヤーが独自に解釈してアレンジする場合とがありますか？,どちらの場合もある,原作に忠実な場合のみ,アレンジは禁止されている,水着は許可されない,コスプレ (エロティックなテーマ),2
85,エロティックなテーマのコスプレで、キャラクターの魅力を高めるために使用されるアイテムで、ウィッグやカラコン以外に、肌の露出部分をより滑らかに見せたり、質感を向上させたりするために用いられるものは何でしょう？,ボディファンデーション,ラメパウダー,ボディオイル,タトゥー隠しシール,コスプレ (エロティックなテーマ),3
86,エロティックなテーマのコスプレで、男性キャラクターの性的魅力を強調する際に用いられる表現として、筋肉質な体型を強調するだけでなく、血管や汗などをリアルに再現するメイクアップは何と呼ばれることがあるでしょう？,肉体強調メイク,リアル筋肉メイク,血管メイク,汗メイク,コスプレ (エロティックなテーマ),4
87,エロティックなテーマのコスプレで、オリジナルキャラクターを創作する場合、性的魅力を表現するために、衣装のデザインだけでなく、キャラクターの性格や背景設定も重要になりますか？,非常に重要である,重要ではない,どちらでもよい,衣装だけで十分,コスプレ (エロティックなテーマ),3
88,エロティックなテーマのコスプレで撮影された写真や動画が公開されるプラットフォームにおいて、過度な性的表現は利用規約によって禁止されている場合が多いですが、そのような規制を回避するために用いられる手法は何でしょう？,修正加工,ぼかし処理,隠蔽処理,自主規制,コスプレ (エロティックなテーマ),3
89,エロティックなテーマのコスプレで、海外のイベントで特に人気のあるジャンルとして、日本の漫画やアニメだけでなく、アメリカンコミックのキャラクターのセクシーなアレンジなども挙げられますか？,はい,いいえ,場合による,不明,コスプレ (エロティックなテーマ),2
90,エロティックなテーマのコスプレを楽しむ上で、自己責任と安全確保はもちろんのこと、周囲の理解と協力を得るために、どのような配慮が必要となるでしょうか？,TPOに合わせた行動,過度な露出の自粛,公共の場での着替えの禁止,イベントのルール遵守,コスプレ (エロティックなテーマ),2
91,日本のアニメーションの歴史において、初のフルデジタル制作による長編アニメーション映画として、2004年に公開されたスタジオジブリの作品は何でしょう？,ハウルの動く城,千と千尋の神隠し,もののけ姫,となりのトトロ,アニメ (一般),3
92,アニメの制作工程において、原画と原画の間を補完する動きを描き、滑らかなアニメーションを生み出す重要な作業を何と呼ぶでしょう？,動画,中割り,仕上げ,彩色,アニメ (一般),2
93,アニメのジャンルの一つで、主に未就学児を対象とした教育的な内容を含む作品群を指す言葉は何でしょう？,知育アニメ,幼児向けアニメ,キッズアニメ,教育アニメ,アニメ (一般),2
94,アニメの表現技法の一つで、キャラクターの感情や心理状態を、背景の色や光の表現、あるいは記号的な視覚効果を用いて表現する手法は何と呼ばれるでしょう？,心理描写,感情表現,演出効果,視覚効果,アニメ (一般),3
95,アニメの制作会社で、「新世紀エヴァンゲリオン」や「ふしぎの海のナディア」など、革新的な映像表現と深遠なテーマで知られるのはどこでしょう？,GAINAX,Production I.G,ボンズ,MAPPA,アニメ (一般),4
96,アニメのジャンルの一つで、現実とは異なる架空の世界を舞台に、魔法や剣、ドラゴンなどが登場する冒険物語を何と呼ぶでしょう？,ファンタジーアニメ,異世界アニメ,冒険アニメ,中世ファンタジー,アニメ (一般),2
97,アニメの声優で、数々の人気アニメで主人公や重要なキャラクターを演じ、「声優界のプリンス」とも呼ばれるのは誰でしょう？,宮野真守,神谷浩史,梶裕貴,福山潤,アニメ (一般),3
98,アニメのジャンルの一つで、巨大な人型兵器が登場し、パイロットが乗り込んで戦う作品群を指す言葉として、特にSF的な設定や人間ドラマを重視するものは何でしょう？,リアルロボットアニメ,スーパーロボットアニメ,メカアクションアニメ,巨大兵器アニメ,アニメ (一般),3
99,アニメのイベントで、最新のアニメ作品の上映会や制作スタッフによるトークショー、限定グッズの販売などが行われる、アニメファン向けの総合的なイベントとして知られるものは何でしょう？,AnimeJapan,コミックマーケット,東京アニメアワードフェスティバル,ジャパンアニメーションフェスティバル,アニメ (一般),2
100,アニメのジャンルの一つで、現代社会を舞台に、妖怪や幽霊、精霊などの人ならざるものが登場する物語を何と呼ぶでしょう？,妖怪アニメ,怪奇アニメ, supernatural アニメ,異形アニメ,アニメ (一般),3
101,日本の漫画の歴史において、貸本漫画の時代から活躍し、「墓場の鬼太郎」や「ゲゲゲの鬼太郎」などの妖怪漫画で国民的な人気を博した漫画家は誰でしょう？,水木しげる,手塚治虫,石ノ森章太郎,赤塚不二夫,漫画 (一般),3
102,漫画の表現技法の一つで、キャラクターの心理的な葛藤や内面の変化を、背景の歪みや特殊な効果線を用いて表現する手法は何と呼ばれるでしょう？,心理描写,感情表現,抽象表現,内面描写,漫画 (一般),3
103,漫画のジャンルの一つで、主に小学校高学年から中学生くらいの年齢層の読者を対象とした作品群を指す言葉は何でしょう？,少年少女漫画,学年誌漫画,子供向け漫画,ジュニアコミック,漫画 (一般),2
104,漫画の制作工程において、完成原稿を印刷するために、インクの色ごとに版を作成する作業は何と呼ばれるでしょう？,版下作成,製版,印刷,刷り込み,漫画 (一般),3
105,漫画の出版社で、「週刊少年マガジン」を発行しているのはどこでしょう？,講談社,集英社,小学館,秋田書店,漫画 (一般),1
106,漫画のジャンルの一つで、主に青年男性を対象とした、社会や人間関係を深く掘り下げた作品群を指す言葉は何でしょう？,青年コミック,成年漫画,メンズコミック,ヤングコミック,漫画 (一般),2
107,漫画の賞で、新人漫画家の登竜門として知られ、「週刊少年ジャンプ」に掲載される作品を対象とした賞は何でしょう？,手塚賞・赤塚賞,小学館新人コミック大賞,講談社漫画賞新人賞,文化庁メディア芸術祭マンガ部門新人賞,漫画 (一般),3
108,漫画のジャンルの一つで、主に成人女性を対象とした、恋愛や家庭生活、人間関係などを描いた作品群を指す言葉は何でしょう？,レディースコミック,女性向け漫画,大人女子漫画,ハーレクインコミック,漫画 (一般),2
109,漫画のイベントで、商業誌で活躍する漫画家や編集者が参加し、サイン会やトークショーなどが行われるものは何でしょう？,サイン会＆握手会,漫画家イベント,商業コミックフェスタ,プロ漫画家交流会,漫画 (一般),3
110,漫画のジャンルの一つで、歴史上の人物や出来事を題材にした作品群を指す言葉は何でしょう？,歴史漫画,時代劇漫画,戦国漫画,伝記漫画,漫画 (一般),2
111,家庭用ゲーム機の歴史の中で、1990年代にセガが発売し、高性能なグラフィックと3Dポリゴンによる表現で話題を呼んだゲーム機は何でしょう？,セガサターン,ドリームキャスト,メガドライブ,ゲームギア,ゲーム (一般、家庭用ゲーム、PCゲーム、スマホゲームなど),3
112,PCゲームのジャンルの一つで、プレイヤーが主人公の視点（一人称）で、銃などの武器を使って敵と戦うゲームにおいて、オンラインで多数のプレイヤーが同時に対戦する形式は何と呼ばれるでしょう？,FPSマルチプレイヤー,オンラインFPS,対戦型FPS,ネットワークシューティング,ゲーム (一般、家庭用ゲーム、PCゲーム、スマホゲームなど),2
113,スマホゲームの収益モデルの一つであるフリーミアムモデルにおいて、ゲームの進行を有利に進めたり、キャラクターを強化したりするために購入するアイテムは一般的に何と呼ばれるでしょう？,課金アイテム,ゲーム内通貨,デジタルコンテンツ,有料アセット,ゲーム (一般、家庭用ゲーム、PCゲーム、スマホゲームなど),2
114,家庭用ゲーム機のメーカーで、2001年に初の家庭用ゲーム機「Xbox」を発売し、オンラインゲームサービス「Xbox Live」を展開しているのはどこでしょう？,マイクロソフト,任天堂,ソニー・インタラクティブエンタテインメント,セガ,ゲーム (一般、家庭用ゲーム、PCゲーム、スマホゲームなど),2
115,PCゲームのプラットフォームで、インディーズゲームの開発者にとって、自身のゲームを世界中のプレイヤーに販売するための主要な窓口となっているプラットフォームは何でしょう？,itch.io,Steam,Epic Games Store,GOG.com,ゲーム (一般、家庭用ゲーム、PCゲーム、スマホゲームなど),3
116,スマホゲームのジャンルの一つで、短い時間で手軽に遊べることを重視し、パズルやミニゲームなどのシンプルなルールで構成されているゲームを何と呼ぶでしょう？,カジュアルゲーム,ハイパーカジュアルゲーム,ライトゲーム,ミニゲーム集,ゲーム (一般、家庭用ゲーム、PCゲーム、スマホゲームなど),2
117,家庭用ゲーム機のコントローラーで、アナログスティックが初めて搭載されたのはどのゲーム機のコントローラーでしょう？,NINTENDO64コントローラー,PlayStationアナログコントローラー,セガサターン3Dコントローラー,Xboxコントローラー,ゲーム (一般、家庭用ゲーム、PCゲーム、スマホゲームなど),3
118,PCゲームのジャンルの一つで、プレイヤーが第三者視点（三人称）でキャラクターを操作し、銃などの武器を使って敵と戦うゲームは何と呼ばれるでしょう？,TPS（サードパーソン・シューティングゲーム）,FPS（ファーストパーソン・シューティングゲーム）,RTS（リアルタイムストラテジー）,MOBA（マルチプレイヤーオンラインバトルアリーナ）,ゲーム (一般、家庭用ゲーム、PCゲーム、スマホゲームなど),2
119,スマホゲームのジャンルの一つで、他のプレイヤーと協力してダンジョンを攻略したり、強力なボスを倒したりするゲームは何と呼ばれるでしょう？,協力型RPG,オンラインRPG,MMORPG,ソーシャルRPG,ゲーム (一般、家庭用ゲーム、PCゲーム、スマホゲームなど),2
120,家庭用ゲームのイベントで、最新のゲームソフトやハードウェアの展示だけでなく、eスポーツの大会やゲームクリエイターによる講演など、多岐にわたる催しが行われる大規模な展示会として知られるものは何でしょう？,東京ゲームショウ,E3,gamescom,PAX,ゲーム (一般、家庭用ゲーム、PCゲーム、スマホゲームなど),2
121,ライトノベルの定義として、挿絵が多用されていること以外に、文体や表現においてどのような特徴を持つ小説を指すことが多いでしょう？,口語調で読みやすい文体,難解な専門用語を多用した文体,伝統的な文語体,海外文学のような重厚な文体,ライトノベル,2
122,ライトノベルのジャンルの一つで、主人公がゲームのようなシステムを持つ異世界に転生し、レベルアップやスキル習得などを通して成長していく物語を何と呼ぶでしょう？,ゲーム転生,異世界RPG,レベルアップファンタジー,ステータス異常,ライトノベル,2
123,ライトノベルの表現技法の一つで、物語の重要な場面やキャラクターの魅力を引き立てるために挿入されるイラストは、一般的に何ページ程度挿入されることが多いでしょう？,数ページ程度,数十ページ程度,各章に1枚程度,挿絵はほとんどない,ライトノベル,3
124,ライトノベルのレーベルで、「涼宮ハルヒの憂鬱」や「とある魔術の禁書目録」など、数々のヒット作を生み出しているKADOKAWAのレーベルは何でしょう？,電撃文庫,スニーカー文庫,富士見ファンタジア文庫,MF文庫J,ライトノベル,2
125,ライトノベルのジャンルの一つで、学園を舞台にした恋愛コメディにおいて、主人公とヒロインが軽妙な掛け合いを繰り広げ、読者を楽しませる作風は何と呼ばれるでしょう？,ラブコメ,青春コメディ,学園ギャグ,日常系コメディ,ライトノベル,2
126,ライトノベルの賞で、応募作品数が多いことで知られ、受賞作の多くがアニメ化されることでも有名な、KADOKAWAのライトノベル新人賞は何でしょう？,電撃小説大賞,スニーカー大賞,ファンタジア大賞,GA文庫大賞,ライトノベル,2
127,ライトノベルのジャンルの一つで、本格的な謎解きやトリックを重視した物語において、読者も一緒に推理を楽しむことができるような構成になっているものは何と呼ばれるでしょう？,本格ミステリー,クローズドサークル,倒叙ミステリー,日常の謎,ライトノベル,3
128,ライトノベルがアニメ化される際、原作のイラストレーターがアニメのキャラクターデザインにも関わることは多いですか？,非常に多い,ほとんどない,一部の作品のみ,契約による,ライトノベル,2
129,ライトノベルのジャンルの一つで、現代社会を舞台に、超能力を持つ者たちが織りなす戦いや人間関係を描いた物語を何と呼ぶでしょう？,異能バトル,超能力アクション,現代異能ファンタジー,特殊能力学園,ライトノベル,3
130,ライトノベルの販売形態で、電子書籍のメリットの一つとして、紙媒体では絶版になった作品も手軽に読めることが挙げられますが、これはなぜ可能になることが多いでしょう？,データとして保管・配信できるため,印刷コストがかからないため,読者の需要に応じて再販できるため,著作権の問題がクリアになるため,ライトノベル,2
131,ボーカロイドの歌声ライブラリで、日本語の女性キャラクターとして初めて発売され、赤い衣装が特徴的なキャラクターは何でしょう？,MEIKO,初音ミク,鏡音リン,巡音ルカ,ボーカロイド,2
132,ボーカロイドのキャラクターで、初音ミクの声を担当した声優は誰でしょう？,藤田咲,下田麻美,浅川悠,中島愛,ボーカロイド,3
133,ボーカロイドの楽曲制作において、歌詞を入力する際に、特定の音節やフレーズに感情を込めるためのパラメータは何と呼ばれるでしょう？,ベロシティ,ピッチベンド,ダイナミクス,ジェンダーファクター,ボーカロイド,3
134,ボーカロイドのキャラクターで、鏡音リン・レンの声を担当した声優は誰でしょう？,下田麻美,藤田咲,浅川悠,中島愛,ボーカロイド,3
135,ボーカロイドの楽曲ジャンルで、ロック調の激しいサウンドにボーカロイドの歌声が乗る音楽において、特にギターサウンドを強調したものは何と呼ばれることが多いでしょう？,VOCAROCK,ボカロメタル,ギターロック,デジタルロック,ボーカロイド,3
136,ボーカロイドのキャラクターで、巡音ルカの声を担当した声優は誰でしょう？,浅川悠,藤田咲,下田麻美,中島愛,ボーカロイド,3
137,ボーカロイドの楽曲を投稿・共有するプラットフォームで、ニコニコ動画と並んで多くのボカロP（ボーカロイドプロデューサー）が利用している動画サイトは何でしょう？,YouTube,Vimeo,bilibili,SoundCloud,ボーカロイド,2
138,ボーカロイドのキャラクターで、KAITOの声を担当した声優は誰でしょう？,風雅なおと,佐々木渉,拝郷メイコ,沢城みゆき,ボーカロイド,4
139,ボーカロイドのイベント「マジカルミライ」は、初音ミクを中心としたイベントですが、他にどのようなボーカロイドキャラクターが登場することが多いでしょう？,鏡音リン・レン、巡音ルカ、MEIKO、KAITO,GUMI、IA、flower,結月ゆかり、東北ずん子、音街ウナ,VY1、VY2、蒼姫ラピス,ボーカロイド,3
140,ボーカロイドの歌声ライブラリで、VOCALOID2エンジンに対応した初の日本語女性ライブラリは何でしょう？,初音ミク,MEIKO,鏡音リン,巡音ルカ,ボーカロイド,2
141,特撮番組「ウルトラマン」シリーズで、ウルトラマンに変身する主人公が所属する組織で、地球の平和を守るために活動する科学特捜隊の略称は何でしょう？,科特隊,SST,UGM,TAC,特撮 (ウルトラマン、仮面ライダーなど),2
142,特撮番組「仮面ライダー」シリーズで、初代仮面ライダーである本郷猛が変身する際に叫ぶ掛け声は何でしょう？,変身！,ライダー変身！,チェンジ！,ジャンプ！,特撮 (ウルトラマン、仮面ライダーなど),2
143,特撮番組「スーパー戦隊」シリーズで、初期の作品でよく見られた、メンバーが共通の武器ではなく、それぞれ異なる武器を使用するスタイルは何と呼ばれるでしょう？,個人武器,専用武器,固有武器,パーソナルウェポン,特撮 (ウルトラマン、仮面ライダーなど),3
144,特撮番組「ゴジラ」シリーズで、ゴジラの宿敵とも言える、三つ首の巨大怪獣は何でしょう？,キングギドラ,モスラ,メカゴジラ,デストロイア,特撮 (ウルトラマン、仮面ライダーなど),2
145,特撮番組で、怪人や敵キャラクターのデザインにおいて、生物の形態を参考にしながらも、独創的なアイデアを取り入れて創造されることが多いですが、このようなデザインの方向性は何と呼ばれるでしょう？,クリーチャーデザイン,バイオニックデザイン,キメラデザイン,ハイブリッドデザイン,特撮 (ウルトラマン、仮面ライダーなど),3
146,特撮番組の撮影で、ミニチュアの建物や風景などを破壊するシーンにおいて、爆発や炎などの効果をリアルに見せるために用いられる技術は何でしょう？,爆破特撮,火薬演出,特殊効果,破壊描写,特撮 (ウルトラマン、仮面ライダーなど),3
147,特撮番組「ウルトラマン」シリーズで、初代ウルトラマンの最終回に登場し、ウルトラマンを倒した強敵は何でしょう？,ゼットン,バルタン星人,ゴモラ,レッドキング,特撮 (ウルトラマン、仮面ライダーなど),3
148,特撮番組「仮面ライダー」シリーズで、初代仮面ライダーの変身ベルトの正式名称は何でしょう？,タイフーン,ダブルタイフーン,サイクロン,ハリケーン,特撮 (ウルトラマン、仮面ライダーなど),3
149,特撮番組で、主人公が乗るバイクや車などのメカニックデザインにおいて、現実の車両をベースにしながらも、未来的な要素や特殊な機能を付加することがありますが、このようなデザインの手法は何と呼ばれるでしょう？,フューチャリスティックデザイン,メカニックアレンジ,ビークルカスタム,特殊車両デザイン,特撮 (ウルトラマン、仮面ライダーなど),3
150,特撮番組のジャンルで、巨大なロボットが登場して戦う作品群において、複数のメカが合体して一つの巨大ロボットになるという設定は何と呼ばれるでしょう？,合体ロボット,巨大合体,スーパーコンバイン,フォーメーション合体,特撮 (ウルトラマン、仮面ライダーなど),3
151,2次元アイドルの代表的な活動の一つであるバーチャルライブにおいて、観客がアバターを使って参加し、リアルタイムでコミュニケーションを取ることができるシステムは何と呼ばれるでしょう？,バーチャル空間ライブ,メタバースライブ,アバター参加型ライブ,オンラインインタラクティブライブ,アイドル (2次元アイドル、3次元アイドル),2
152,2次元アイドルグループ「ラブライブ！」シリーズで、最初に登場したグループの名前は何でしょう？,μ's（ミューズ）,Aqours（アクア）,虹ヶ咲学園スクールアイドル同好会,Liella!（リエラ）,アイドル (2次元アイドル、3次元アイドル),2
153,3次元アイドルグループで、劇場公演を中心に活動するAKB48グループにおいて、各劇場に所属するチームの中で、最も歴史が長く、創設当初から存在するチームは何でしょう？,チームA,チームK,チームB,チーム4,アイドル (2次元アイドル、3次元アイドル),3
154,2次元アイドルのキャラクターを演じる声優が、実際にライブで歌ったり踊ったりする活動において、キャラクターの衣装や振付を忠実に再現するだけでなく、MCなどもキャラクターになりきって行うことは一般的ですか？,非常に一般的である,ほとんど行われない,一部のイベントのみ,声優自身の判断に委ねられる,アイドル (2次元アイドル、3次元アイドル),2
155,3次元アイドルグループのファンが行う応援活動の一つであるコールにおいて、曲の特定の箇所で、メンバーの名前やグループ名を叫ぶタイミングやフレーズが定型化されたものは何と呼ばれるでしょう？,コールパターン,定型コール,応援コール,ライブコール,アイドル (2次元アイドル、3次元アイドル),3
156,2次元アイドルグループ「あんさんぶるスターズ！」に登場するユニットで、UNDEAD、Knights、流星隊、Ra*bitsの4つのユニットの頭文字を取った略称は何でしょう？,U.K.R.R,UNKR,ULRR,UKRR,アイドル (2次元アイドル、3次元アイドル),4
157,3次元アイドルグループのメンバーが卒業後、ソロで音楽活動を行うだけでなく、俳優やタレントとして幅広い分野で活動することは珍しくありませんか？,珍しくない,非常に珍しい,一部のメンバーのみ,卒業後の活動は限定的である,アイドル (2次元アイドル、3次元アイドル),2
158,2次元アイドルが登場する作品において、ファンが自分の好きなキャラクターを応援する行為である「推し活」の一環として、グッズを購入したり、イベントに参加したりする以外に、SNSなどで積極的に情報を発信したり、ファンコミュニティに参加したりする活動も含まれますか？,はい,いいえ,場合による,不明,アイドル (2次元アイドル、3次元アイドル),1
159,3次元アイドルグループのコンサートで、ファンが使用するペンライトの色は、グループ全体で統一されている場合と、メンバーごとに異なるカラーが設定されている場合がありますか？,どちらの場合もある,グループ全体で統一されている場合のみ,メンバーカラーのみ,コンサートによって異なる,アイドル (2次元アイドル、3次元アイドル),2
160,2次元アイドル、3次元アイドル問わず、アイドルを目指す若い女性たちが共同生活を送る場所を舞台にした作品において、ライバルグループとの競争や、メンバー間の友情や葛藤を描くことはよくありますか？,よくある,ほとんどない,一部の作品のみ,テーマにはなりにくい,アイドル (2次元アイドル、3次元アイドル),2
161,アニメやゲームのキャラクターに声を当てる声優の仕事において、キャラクターの感情や性格を声だけで表現するために、声の高さやトーン、速さなどを細かく調整する技術は何と呼ばれるでしょう？,声の演技,キャラクターボイス,アフレコ技術,表現力,声優,2
162,声優がアフレコを行う際、映像に合わせて台詞を言うだけでなく、効果音や息遣いなども同時に収録することがありますが、これはなぜでしょう？,よりリアルな臨場感を出すため,後で効果音を合成する手間を省くため,声優の演技力を高めるため,制作時間の短縮のため,声優,2
163,声優の仕事の一つである吹き替えにおいて、海外の俳優の口の動きに合わせて日本語の台詞を言うためには、どのような技術が必要とされるでしょう？,リップシンク,アフレコ技術,演技力,外国語の知識,声優,3
164,声優の仕事の一つで、ゲームのキャラクターに声を当てる際に、プレイヤーの選択によって台詞が変わるような収録方法において、感情の強さやニュアンスを微妙に変えた複数のパターンを収録することは一般的ですか？,非常に一般的である,ほとんど行われない,一部のゲームのみ,予算による,声優,2
165,声優の養成所や専門学校で、演技の基礎やアフレコの技術だけでなく、歌唱力やダンス、トークスキルなどを学ぶことも重要視されますか？,非常に重要である,重要ではない,どちらでもよい,声優の仕事による,声優,2
166,声優の仕事の一つであるナレーションにおいて、単に情報を伝えるだけでなく、番組の雰囲気や視聴者の感情を誘導するために、声のトーンやリズム、間の取り方などを工夫することは重要ですか？,非常に重要である,重要ではない,どちらでもよい,ナレーションの種類による,声優,2
167,声優がキャラクターソングを歌う活動において、キャラクターのイメージを損なわないように、声質や歌い方をキャラクターに近づけることは意識されますか？,非常に意識される,あまり意識されない,声優自身の個性による,キャラクターによる,声優,2
168,声優が出演するラジオ番組において、パーソナリティとして台本に書かれていないアドリブトークをすることは求められますか？,求められることが多い,ほとんど求められない,番組のコンセプトによる,声優の個性による,声優,2
169,声優のイベントで、ファンとの交流を目的としたトークショーやサイン会などにおいて、声優が演じるキャラクターの声でファンに語りかけることはよくありますか？,よくある,ほとんどない,イベントの内容による,声優の判断による,声優,2
170,声優の仕事の一つである朗読において、小説や物語の世界観を声だけで表現するために、登場人物の心情や情景描写などをどのように工夫することが重要となるでしょう？,声の抑揚やトーンの変化,間の取り方,効果音の活用,多種多様な声色の使い分け,声優,3
171,日本の鉄道において、新幹線の最高速度は、営業運転において一般的に何km/h程度で運行されていますか？,300km/h前後,200km/h前後,400km/h前後,150km/h前後,鉄道,2
172,鉄道車両の種類で、主に都市部で通勤・通学のために運行される電車において、乗降をスムーズにするためにドアの数が多い車両は何と呼ばれることが多いでしょう？,多扉車,通勤形電車,近郊形電車,ロングシート車,鉄道,3
173,鉄道の線路の幅において、新幹線で採用されている標準軌の幅は何mmでしょう？,1435mm,1067mm,1372mm,762mm,鉄道,3
174,鉄道の駅で、複数の路線が乗り入れているターミナル駅において、乗り換えの利便性を高めるために、同一方向の列車が同じホームから発着する方式は何と呼ばれるでしょう？,方面別複々線,対面乗り換え,同一ホーム乗り換え,平面交差,鉄道,3
175,鉄道の切符の種類で、JRグループが販売している、一定期間内に新幹線や特急列車を含むJR全線を自由に乗り降りできる企画乗車券は何でしょう？,青春18きっぷ,ジャパンレールパス,JR全線乗り放題きっぷ,鉄道周遊パス,鉄道,4
176,鉄道の信号の種類で、列車の運転士に対して、速度を落として進行する準備をするように指示する信号は何色でしょう？,黄色信号,赤信号,青信号,緑信号,鉄道,2
177,鉄道の駅で、ホームドアの種類で、ホームと列車の間にロープ状の柵が昇降するタイプのものは何と呼ばれるでしょう？,ロープ昇降式ホームドア,可動式ホーム柵,フルスクリーンタイプホームドア,ハーフハイトタイプホームドア,鉄道,3
178,鉄道の運行において、ダイヤが乱れた際に、どの列車を優先的に運行させるか、どの列車を運休させるかなどを判断し、指示を出す責任者は何と呼ばれるでしょう？,運行指令長,輸送指令,列車運行管理者,ダイヤ調整担当,鉄道,3
179,鉄道の車両で、電気を動力として走行する電車において、架線から電気を取り込むために屋根に設置されている装置は何と呼ばれるでしょう？,パンタグラフ,集電装置,トロリーポール,架線集電器,鉄道,2
180,鉄道の駅で、切符を購入したり、駅員に問い合わせたりする場所である「みどりの窓口」は、主にどのような種類の切符を取り扱っていますか？,新幹線や特急列車の指定席券,普通乗車券,回数券,定期券,鉄道,2
181,軍事用語で、陸軍の基本的な戦闘単位である大隊を指揮する階級は何でしょう？,大隊長,中佐,少佐,大尉,ミリタリー,2
182,軍事兵器の種類で、敵の航空機やミサイルなどを迎撃するために使用される兵器は何でしょう？,地対空ミサイル,空対空ミサイル,対艦ミサイル,対戦車ミサイル,ミリタリー,2
183,軍事組織において、小隊を構成するいくつかの分隊を指揮する階級は何でしょう？,小隊長,中尉,少尉,准尉,ミリタリー,2
184,軍事作戦において、敵の陣地や兵力を攻撃する前に、その状況を詳しく調べるために行う活動は何と呼ばれるでしょう？,偵察,威力偵察,情報収集,哨戒,ミリタリー,2
185,軍事用語で、敵の攻撃に対して、陣地や地形を利用して抵抗する活動は何と呼ばれるでしょう？,防御戦,陣地戦,遅滞戦術,撤退戦,ミリタリー,2
186,軍事兵器の種類で、水中で活動し、敵の艦艇を攻撃するだけでなく、陸上の目標を攻撃することも可能なミサイルを搭載した艦艇は何でしょう？,原子力潜水艦,通常動力型潜水艦,駆逐艦,フリゲート艦,ミリタリー,3
187,軍事組織において、佐官の階級の一つで、中佐の上の階級は何でしょう？,大佐,准将,少将,中将,ミリタリー,3
188,軍事用語で、敵の主要な拠点を攻撃し、その機能を麻痺させることを目的とした作戦は何と呼ばれるでしょう？,戦略爆撃,戦術爆撃,空襲,地上攻撃,ミリタリー,3
189,軍事兵器の種類で、携行可能で、個人が敵の装甲車両などを攻撃するために使用するミサイルは何でしょう？,対戦車ミサイル,携帯式ロケット弾,迫撃砲,無反動砲,ミリタリー,3
190,軍事組織において、下士官の階級の一つで、軍曹の上の階級は何でしょう？,曹長,伍長,兵長,上等兵,ミリタリー,2
191,日本の歴史の中で、1868年に江戸幕府が倒れ、明治天皇を中心とする新たな政府が成立した出来事は何でしょう？,明治維新,戊辰戦争,大政奉還,王政復古の大号令,歴史,2
192,世界の歴史の中で、1945年8月に広島と長崎に原子爆弾が投下された国はどこでしょう？,日本,ドイツ,イタリア,アメリカ,歴史,1
193,日本の歴史の中で、江戸時代に幕府が置かれた江戸は、現在の何という都市でしょう？,東京都,京都市,大阪市,横浜市,歴史,1
194,世界の歴史の中で、古代エジプト文明において、ピラミッドは何のために建設されたと考えられていますか？,王の墓,神殿,穀物倉庫,天文観測所,歴史,2
195,日本の歴史の中で、明治時代に制定された、天皇を中心とする国家体制を定めた憲法は何でしょう？,大日本帝国憲法,日本国憲法,五箇条の御誓文,教育勅語,歴史,2
196,世界の歴史の中で、1917年にロシアで起こり、皇帝が退位し、社会主義政権が成立した革命は何でしょう？,ロシア革命,フランス革命,産業革命,アメリカ独立戦争,歴史,2
197,日本の歴史の中で、平安時代に貴族の間で流行した、仮名文字で書かれた物語や日記などの文学は何と呼ばれるでしょう？,女流文学,王朝文学,貴族文学,平安文学,歴史,3
198,世界の歴史の中で、紀元前1世紀にローマで起こり、カエサルが暗殺された事件は何でしょう？,ブルートゥスの裏切り,カエサルの暗殺,ポンペイウスとの内戦,スパルタクスの反乱,歴史,3
199,日本の歴史の中で、戦国時代に織田信長が行ったとされる、商業の自由化や座の廃止などの経済政策は何でしょう？,楽市楽座,兵農分離,刀狩り,検地,歴史,2
200,世界の歴史の中で、14世紀にヨーロッパで大流行した黒死病は、一般的に何という感染症が原因と考えられていますか？,ペスト,コレラ,チフス,赤痢,歴史,2
201,フィギュアの種類で、アニメやゲームのキャラクターをデフォルメした、頭が大きく可愛らしいデザインのフィギュアは何と呼ばれるでしょう？,ねんどろいど,figma,S.H.Figuarts,POP UP PARADE,フィギュア,2
202,フィギュアの素材として、透明感や光沢感を表現するのに適しており、主にクリアパーツなどに用いられる合成樹脂は何でしょう？,ABS樹脂,PVC（ポリ塩化ビニル）,アクリル,ポリエチレン,フィギュア,3
203,フィギュアの製造・販売を手がけるメーカーで、精巧な造形と彩色、豊富なオプションパーツが特徴の可動フィギュアシリーズ「figma」を展開しているのはどこでしょう？,マックスファクトリー,グッドスマイルカンパニー,バンダイ,コトブキヤ,フィギュア,2
204,フィギュアの種類で、布製の衣装を着せ替えできる、人形に近いタイプのフィギュアは何と呼ばれるでしょう？,ドール,アクションフィギュア,スタチュー,ぬいぐるみ,フィギュア,2
205,フィギュアの塗装において、長年使い込まれたような汚れや傷、錆などを表現する技法は何と呼ばれるでしょう？,ウェザリング,シャドウイング,ドライブラシ,グラデーション,フィギュア,3
206,フィギュアのスケール表記で、「1/8スケール」とは、実物の何分の1の大きさであることを示していますか？,8分の1,1分の8,8倍,1対8,フィギュア,2
207,フィギュアのジャンルの一つで、メカやロボットをモチーフにしたフィギュアにおいて、金属パーツを使用したり、重厚な塗装を施したりすることで、リアルな質感を追求したものは何と呼ばれることが多いでしょう？,合金フィギュア,メタルフィギュア,ロボットフィギュア,メカニックフィギュア,フィギュア,3
208,フィギュアの保管において、紫外線による劣化を防ぐために、どのような場所に保管するのが適切でしょう？,直射日光の当たらない場所,高温多湿でない場所,風通しの良い場所,暗くて涼しい場所,フィギュア,2
209,フィギュアの販売形態で、特定のイベント会場やオンラインショップでのみ購入できる、数量限定のフィギュアは何と呼ばれるでしょう？,限定版,イベント限定,特典付き,初回限定,フィギュア,2
210,フィギュアのイベント「ワンダーフェスティバル」は、プロの原型師だけでなく、アマチュアの造形作家も出展できることが特徴ですが、アマチュアが出展するエリアは何と呼ばれるでしょう？,アマチュアゾーン,一般ディーラー,プロディーラー,企業ブース,フィギュア,3
211,プラモデルの素材であるポリスチレンは、接着剤で溶かして接着する以外に、熱を加えることで変形させることができますが、この性質を利用した加工方法は何と呼ばれるでしょう？,ヒートプレス,バキュームフォーム,熱加工,溶解加工,プラモデル,3
212,プラモデルの組み立てに必要な道具で、ランナーから部品を切り離した際に残ったゲート跡を綺麗にするために使用するものは何でしょう？,デザインナイフ,ニッパー,やすり,ピンセット,プラモデル,2
213,プラモデルの接着に使用する接着剤の種類で、乾燥時間が短く、仮組みなどに便利なものは何でしょう？,瞬間接着剤,スチロール系接着剤,エポキシ系接着剤,木工用接着剤,プラモデル,2
214,プラモデルの表面処理において、細かな傷やパーティングラインなどを消すために、目の細かいやすりで研磨した後に行う、より滑らかな表面にするための作業は何と呼ばれるでしょう？,研ぎ出し,磨き,仕上げ研磨,コンパウンド,プラモデル,3
215,プラモデルの塗装に使用する塗料の種類で、発色が良く、乾燥後に塗膜が強いのが特徴のものは何でしょう？,ラッカー塗料,水性アクリル塗料,エナメル塗料,油性塗料,プラモデル,2
216,プラモデルのジャンルの一つである航空機モデルにおいて、第二次世界大戦中に活躍した戦闘機で、日本の代表的な戦闘機の一つとして知られるのは何でしょう？,零式艦上戦闘機（ゼロ戦）,紫電改,隼,飛燕,プラモデル,2
217,プラモデルのジャンルの一つであるカーモデルにおいて、実在する自動車のエンジンや内装などを精密に再現したものは何と呼ばれることが多いでしょう？,フルディテールモデル,エンジン付きモデル,精密モデル,リアリティモデル,プラモデル,3
218,プラモデルのジャンルの一つであるメカモデルにおいて、アニメ「機動戦士ガンダム」に登場するモビルスーツで、主人公アムロ・レイが搭乗する最初の機体は何でしょう？,RX-78-2 ガンダム,MS-06 ザクII,MS-07B グフ,MSM-07 ズゴック,プラモデル,2
219,プラモデルの組み立て説明書に記載されている記号で、部品を接着する際に使用する記号は何でしょう？,接着,切断,塗装,組み立て,プラモデル,1
220,プラモデルのイベント「モデラーズクラブ合同展」は、どのような目的で開催されることが多いでしょう？,アマチュアモデラーの作品展示と交流,プロモデラーの作品展示と販売,メーカーの新製品発表,プラモデルの即売会,プラモデル,2
221,コスプレ（一般）で、アニメやゲームのキャラクターになりきる際に、衣装を手作りするだけでなく、武器や防具などの小道具も自作する人を何と呼ぶことが多いでしょう？,造形レイヤー,プロップメーカー,コスチュームアーティスト,クラフトマン,コスプレ (一般),3
222,コスプレ（一般）で、イベント会場などで撮影されたコスプレイヤーの写真を公開するSNSにおいて、ハッシュタグを活用することで、同じ作品やジャンルのコスプレイヤーと繋がることができますが、一般的なハッシュタグの付け方として適切なものは何でしょう？,#作品名,#キャラクター名,#コスプレ,#イベント名,上記全て,コスプレ (一般),1
223,コスプレ（一般）のイベントで、参加者が守るべき基本的なマナーとして、他の参加者の許可なく撮影してはいけない理由として、特に重要な権利は何でしょう？,肖像権,著作権,パブリシティ権,プライバシー権,コスプレ (一般),2
224,コスプレ（一般）で、キャラクターの髪型を再現するために使用するウィッグの手入れで、絡まりやすいロングウィッグを保管する際に、型崩れを防ぐために使用するものは何でしょう？,ウィッグスタンド,マネキンヘッド,ハンガー,収納ネット,コスプレ (一般),2
225,コスプレ（一般）で、キャラクターの顔立ちを近づけるためのメイクアップにおいて、目の大きさを強調するために使用するアイテムは何でしょう？,カラコン,アイシャドウ,アイライナー,つけまつげ,コスプレ (一般),1
226,コスプレ（一般）で、イベント会場の更衣室を利用する際、使用後のゴミはどのように処理するのが適切でしょう？,持ち帰る,備え付けのゴミ箱に捨てる,その場に置いていく,他の人に渡す,コスプレ (一般),1
227,コスプレ（一般）で、武器や小道具など、規定のサイズを超えるものや危険物の持ち込みが禁止されている理由として、参加者同士の安全確保以外に、イベントの運営に支障をきたす可能性のある行為は何でしょう？,通路の妨げになる,他の参加者の迷惑になる,著作権侵害になる,景観が悪くなる,コスプレ (一般),2
228,コスプレ（一般）で、海外のイベントに参加する際に、露出度の高い衣装を着る場合、文化や宗教によっては不適切とみなされることがあるため、事前に確認しておくべきことは何でしょう？,現地の服装規定や習慣,イベントのルール,他の参加者の服装,日本のコスプレ事情,コスプレ (一般),3
229,コスプレ（一般）で、オリジナルのキャラクターを創作してコスプレを楽しむ際に、キャラクターのコンセプトや設定を明確にすることで、より魅力的なコスプレにすることができますが、その際に考慮すべき要素は何でしょう？,衣装のデザイン,キャラクターの性格,背景ストーリー,武器や小道具,上記全て,コスプレ (一般),2
230,コスプレ（一般）のイベントで、参加者同士が交流したり、作品を披露したりする場として設けられる企画の一つに、特定のテーマや作品に限定したコスプレをした人が集まるものがありますが、これは何と呼ばれるでしょう？,合わせ,オフ会,交流会,コスプレミーティング,コスプレ (一般),2
231,同人誌（一般）の主な販売場所として知られる同人誌即売会において、様々なジャンルの同人誌が集まる最大規模のイベントは何でしょう？,コミックマーケット,コミティア,AnimeJapan,character1,同人誌 (一般),2
232,同人誌（一般）で、漫画やイラスト、小説など、様々なジャンルの作品をまとめた本のうち、複数の作者がそれぞれの作品を寄稿して一冊の本にしたものは何と呼ばれるでしょう？,アンソロジー,合同誌,個人誌,作品集,同人誌 (一般),2
233,同人誌（一般）の制作において、複数の作家が共同で一つの物語やテーマに基づいて、漫画や小説などを分担して制作する形式は何と呼ばれるでしょう？,合作,合同誌,アンソロジー,リレー小説,同人誌 (一般),3
234,同人誌（一般）のジャンルの一つである二次創作において、原作のキャラクター設定や世界観を基にしつつも、原作者とは異なる解釈や展開を加えた作品は何と呼ばれることが多いでしょう？,パラレルワールド,ifストーリー,アナザーストーリー,外伝,同人誌 (一般),2
235,同人誌（一般）の制作過程で、印刷・製本を業者に依頼する際に、仕上がりの品質や価格、納期などを比較検討するために、複数の業者から見積もりを取ることは一般的ですか？,一般的である,一般的ではない,予算による,時間がない場合はしない,同人誌 (一般),2
236,同人誌（一般）の販売方法として、同人誌専門のオンライン通販サイトを利用する際に、匿名で取引できるサービスは何と呼ばれることが多いでしょう？,匿名配送,委託販売,BOOTH匿名配送,あんしんBOOTHパック,同人誌 (一般),2
237,同人誌（一般）のイベントで、特定の漫画やアニメ作品、あるいはゲームなどのジャンルに特化した同人誌のみを取り扱う即売会は何と呼ばれるでしょう？,オンリーイベント,ジャンルオンリー,プチオンリー,カップリングオンリー,同人誌 (一般),2
238,同人誌（一般）の制作において、表紙のデザインや本文のレイアウトを行う際に使用するソフトウェアで、商業誌の制作現場でも用いられることの多いプロ向けのDTPソフトは何でしょう？,Adobe InDesign,Microsoft Word,CLIP STUDIO PAINT,SAI,同人誌 (一般),3
239,同人誌（一般）のイベントで、プロの漫画家やイラストレーターなどが、自身のオリジナル作品や商業作品のグッズなどを販売する活動は何と呼ばれるでしょう？,プロ出展,商業ブース,ゲスト参加,企業出展,同人誌 (一般),3
240,同人誌（一般）のイベントで、コスプレイヤーが自分のコスプレ写真などをまとめた写真集を販売する場合、それは一般的にどのような扱いになりますか？,同人誌として扱われる,グッズとして扱われる,写真集として独立したジャンルになる,イベントによって異なる,同人誌 (一般),2
241,VTuber（バーチャルYouTuber）の活動において、視聴者とのコミュニケーションを図るための主な手段として、リアルタイムでコメントを読み上げたり、質問に答えたりする配信は何と呼ばれるでしょう？,ライブ配信,雑談配信,ゲーム実況,歌ってみた,VTuber (バーチャルYouTuber),1
242,VTuberの配信プラットフォームで、YouTubeと並んで人気があり、特にゲーム実況に強いプラットフォームは何でしょう？,Twitch,ニコニコ動画,bilibili,Facebook Live,VTuber (バーチャルYouTuber),2
243,VTuberのキャラクターデザインやモデリングを行う人の中で、特にLive2Dという技術を用いて、2Dのイラストを滑らかに動かす技術を持つ人を何と呼ぶことが多いでしょう？,Live2Dモデラー,3Dモデラー,イラストレーター,アニメーター,VTuber (バーチャルYouTuber),2
244,VTuberの活動ジャンルの一つであるゲーム実況において、特定のゲームタイトルを継続的にプレイし、その様子を配信する形式は何と呼ばれるでしょう？,シリーズ実況,単発実況,耐久配信,初見プレイ,VTuber (バーチャルYouTuber),2
245,VTuberの活動ジャンルの一つである雑談配信において、視聴者からのコメントを拾い、それに対してリアルタイムで返答する行為は何と呼ばれるでしょう？,コメント返し,リスナー参加型企画,お悩み相談,質問コーナー,VTuber (バーチャルYouTuber),1
246,VTuberの収益モデルであるスパチャ（スーパーチャット）は、YouTubeの機能の一つですが、Twitchにおける同様のシステムは何と呼ばれるでしょう？,Bits,投げ銭,ギフト,チャンネルポイント,VTuber (バーチャルYouTuber),2
247,VTuberのキャラクターで、2016年に活動を開始し、「バーチャルYouTuber」という言葉を広めるきっかけとなったパイオニア的存在は誰でしょう？,キズナアイ,ミライアカリ,電脳少女シロ,猫宮ひなた,VTuber (バーチャルYouTuber),2
248,VTuberの事務所で、にじさんじやホロライブプロダクションに所属するVTuberは、個人で活動するVTuberと比べて、どのような点で活動のサポートを受けやすいと言えるでしょう？,技術的なサポート（3Dモデル制作、配信機材など）,著作権管理,企業案件の獲得,イベント出演の機会,上記全て,VTuber (バーチャルYouTuber),2
249,VTuberの活動ジャンルの一つである歌ってみた動画において、他の人が制作した楽曲をカバーして歌う際に、原曲とは異なるアレンジを加えることは一般的ですか？,一般的である,ほとんどない,原曲に忠実なカバーが基本,許可が必要,VTuber (バーチャルYouTuber),2
250,VTuberのイベントで、複数のVTuberが出演してライブパフォーマンスやトークを行うものにおいて、観客が自宅などからオンラインで参加する形式は何と呼ばれるでしょう？,オンラインライブ,バーチャルイベント,リモートライブ,無観客ライブ,VTuber (バーチャルYouTuber),1
251,ソシャゲ（ソーシャルゲーム）のガチャにおいて、排出されるキャラクターやアイテムのレアリティを示す指標は何と呼ばれるでしょう？,レア度,星の数,ランク,グレード,ソシャゲ (ソーシャルゲーム),1
252,ソシャゲのジャンルの一つで、プレイヤーがカードやキャラクターを収集し、それらを組み合わせてデッキを構築し、他のプレイヤーと戦略的に戦うゲームは何と呼ばれるでしょう？,コレクション型カードバトル,デッキ構築型RPG,戦略カードゲーム,タクティカルバトル,ソシャゲ (ソーシャルゲーム),2
253,ソシャゲの運営において、ゲームバランスを調整したり、新たな機能を追加したりするために行われるプログラムの更新作業は何と呼ばれるでしょう？,アップデート,バージョンアップ,パッチ適用,システムメンテナンス,ソシャゲ (ソーシャルゲーム),2
254,ソシャゲのプレイヤー同士が協力してゲームを進める要素の一つであるレイドボスにおいて、参加者全員で協力してダメージを与え、制限時間内に撃破を目指す形式が一般的ですが、貢献度に応じて報酬が分配されるシステムは何と呼ばれるでしょう？,貢献度ランキング,ダメージランキング,討伐報酬,個人報酬,ソシャゲ (ソーシャルゲーム),2
255,ソシャゲのジャンルの一つで、同じ色のブロックやボールなどを3つ以上並べて消していくことでゲームを進めるものは何と呼ばれるでしょう？,マッチ3パズル,落ち物パズル,スライドパズル,連結パズル,ソシャゲ (ソーシャルゲーム),2
256,ソシャゲのプレイヤーが集まってチームやグループを作るシステムであるギルドにおいて、ギルドメンバー同士で協力して行うイベントやコンテンツは何と呼ばれるでしょう？,ギルドイベント,ギルドミッション,ギルドバトル,ギルドレイド,ソシャゲ (ソーシャルゲーム),2
257,ソシャゲのイベントで、特定の期間にログインするだけで、ゲーム内通貨やアイテムなどがプレゼントされるキャンペーンは何と呼ばれるでしょう？,ログインボーナス,カムバックキャンペーン,スタートダッシュキャンペーン,ウェルカムキャンペーン,ソシャゲ (ソーシャルゲーム),1
258,ソシャゲのジャンルの一つで、自分の領地や街を発展させていくシミュレーションゲームにおいて、他のプレイヤーの領地を攻撃して資源を奪う要素があるものは何と呼ばれるでしょう？,ストラテジーゲーム,リアルタイムストラテジー,対戦型シミュレーション,領地争奪ゲーム,ソシャゲ (ソーシャルゲーム),3
259,ソシャゲのゲームバランスを調整するために、特定のキャラクターの能力を意図的に弱体化させる対応は何と呼ばれるでしょう？,ナーフ,バフ,調整,修正,ソシャゲ (ソーシャルゲーム),2
260,ソシャゲのプレイヤーが、ゲーム内のガチャを引くために課金する場合、確率表示が義務付けられていることが多いですが、これは消費者を保護するためにどのような法律に基づいて行われているでしょう？,景品表示法,特定商取引法,消費者契約法,著作権法,ソシャゲ (ソーシャルゲーム),3
261,TCG（トレーディングカードゲーム）の基本的な遊び方において、自分のデッキから手札を引き、カードに書かれたコストを支払って場に出す行為は何と呼ばれるでしょう？,召喚,プレイ,展開,発動,TCG (トレーディングカードゲーム),1
262,TCGのカードの種類で、一度使うとゲームから取り除かれる使い切りのカードは何と呼ばれるでしょう？,インスタントカード,スペルカード,マジックカード,トラップカード,TCG (トレーディングカードゲーム),2
263,TCGのカードの希少性を示す指標で、パックの中に封入されている確率が最も低い、特別な加工が施されたカードは何と呼ばれることが多いでしょう？,シークレットレア,ウルトラレア,スーパーレア,レア,TCG (トレーディングカードゲーム),2
264,TCGのゲームを始めるために、あらかじめ構築されたカードのセットであるスターターデッキには、通常どのような種類のカードが含まれていますか？,基本的なカード、ルールブック、プレイマット,レアカード、強力な効果を持つカードのみ,特定のテーマに特化したカードのみ,過去の絶版カード,TCG (トレーディングカードゲーム),2
265,TCGのイベントで、参加者がその場で配布されたパックを開封し、その中から選んだカードでデッキを構築して対戦する形式の大会において、使用できるカードの種類や枚数に制限があるルールは何と呼ばれるでしょう？,リミテッド,構築済み,スタンダード,アンリミテッド,TCG (トレーディングカードゲーム),2
266,TCGのカードの状態を表す言葉で、目立った傷や汚れはないものの、わずかなスレや白欠けなどが見られる状態のカードは何と呼ばれるでしょう？,EX（エクセレント）,NM（ニアミント）,GD（グッド）,PL（プレイド）,TCG (トレーディングカードゲーム),3
267,TCGの対戦中に、カードの効果やルールについて不明な点があった場合に、ジャッジを呼ぶ行為は、競技性を高める上で重要な要素とされていますか？,はい,いいえ,場合による,ルールによる,TCG (トレーディングカードゲーム),1
268,TCGのカードを収集する楽しみの一つであるコレクションにおいて、同じカードの異なるイラストや加工違いのものを集める行為は何と呼ばれるでしょう？,バリアント収集,イラスト違いコンプ,パラレル収集,レアリティコンプ,TCG (トレーディングカードゲーム),3
269,TCGの大会やイベントで、参加者が自分のデッキを持ち込んで対戦する形式の大会において、使用できるカードの種類やレギュレーションが定められているルールは何と呼ばれるでしょう？,スタンダード,モダン,レガシー,ヴィンテージ,TCG (トレーディングカードゲーム),3
270,TCGのカードの価値は、希少性やカードの強さ以外に、どのような要因によって大きく変動することがありますか？,環境の変化による需要の増減,プロプレイヤーの使用率,アニメやゲームなどの関連作品の人気,カードのイラストレーターの人気,TCG (トレーディングカードゲーム),2
271,ボードゲーム・アナログゲームの種類で、サイコロの出目と自分の駒の配置によって相手の駒を盤面から取り除くことを目指す、二人用の戦略ゲームは何でしょう？,バックギャモン,チェス,将棋,オセロ,ボードゲーム・アナログゲーム,2
272,ボードゲーム・アナログゲームの種類で、相手の駒を自分の駒で挟んでひっくり返すゲーム「オセロ」は、日本で独自にルールが改良されて広まりましたが、その原型となったイギリスのゲームは何でしょう？,リバーシ,スパウト,アタック,アンテロープ,ボードゲーム・アナログゲーム,3
273,ボードゲーム・アナログゲームの種類で、相手のキングを詰めることを目的とした戦略ゲーム「チェス」において、最も強力な駒であり、縦横斜めに自由に動ける駒は何でしょう？,クイーン,ルーク,ビショップ,ナイト,ボードゲーム・アナログゲーム,2
274,ボードゲーム・アナログゲームの種類で、自分の陣地を広げたり、相手の陣地を囲んだりして陣地の広さを競うゲーム「囲碁」において、盤面が空いている場所に自由に置ける石は何と呼ばれるでしょう？,着手,打ち石,碁石,手番,ボードゲーム・アナログゲーム,2
275,ボードゲーム・アナログゲームの種類で、トランプを使ったゲーム「ポーカー」において、最も強い役とされる、同じスート（マーク）で数字が連続している5枚のカードの組み合わせは何でしょう？,ロイヤルストレートフラッシュ,ストレートフラッシュ,フォー・オブ・ア・カインド,フルハウス,ボードゲーム・アナログゲーム,3
276,ボードゲーム・アナログゲームの種類で、協力して与えられた目標を達成するゲームにおいて、プレイヤー同士が秘密裏に情報を交換したり、役割を隠したりする要素があるものは何と呼ばれるでしょう？,正体隠匿ゲーム,協力型推理ゲーム,裏切り者ゲーム,スパイゲーム,ボードゲーム・アナログゲーム,3
277,ボードゲーム・アナログゲームのイベント「ゲームマーケット」は、主にどのような種類のゲームが出展・販売されていますか？,同人制作のオリジナルゲーム,海外の輸入ゲーム,商業メーカーの新作ゲーム,ヴィンテージゲーム,ボードゲーム・アナログゲーム,2
278,ボードゲーム・アナログゲームの種類で、資源を集めたり、建物を建てたりして自分の文明を発展させるゲームにおいて、労働者を盤面に配置することで資源を獲得したり、アクションを実行したりするシステムは何と呼ばれるでしょう？,ワーカープレイスメント,リソースマネジメント,エンジンビルド,エリアコントロール,ボードゲーム・アナログゲーム,3
279,ボードゲーム・アナログゲームの種類で、参加者同士が役割を分担し、物語を進めていくゲームであるマーダーミステリーにおいて、各プレイヤーに与えられる秘密の目的や情報が書かれた冊子は何と呼ばれるでしょう？,ハンドアウト,シナリオブック,キャラクターシート,ゲームマスターガイド,ボードゲーム・アナログゲーム,3
280,ボードゲーム・アナログゲームの種類で、決められた時間内に、お題に対して連想される言葉などを言い合うゲームにおいて、回答者が多数派とは異なる言葉を言った場合にポイントを得られるゲームは何でしょう？,ワードバスケット,ito,テレストレーション,コヨーテ,ボードゲーム・アナログゲーム,3
281,SF映画の金字塔的作品「スター・ウォーズ」シリーズで、主人公ルーク・スカイウォーカーの父親である悪役の名前は何でしょう？,ダース・ベイダー,ダース・シディアス,ダース・モール,カイロ・レン,映画 (特定のジャンル、例えばSF、特撮など),2
282,SF映画の監督で、「ブレードランナー」や「エイリアン」など、暗く退廃的な世界観を描くことで知られるのは誰でしょう？,リドリー・スコット,スタンリー・キューブリック,ジョージ・ルーカス,スティーブン・スピルバーグ,映画 (特定のジャンル、例えばSF、特撮など),2
283,SF映画のジャンルの一つであるサイエンスフィクションにおいて、科学技術が高度に発達した社会における倫理的な問題や人間存在の意義などを深く掘り下げた作品群は何と呼ばれることが多いでしょう？,ハードSF,ソフトSF,テクノスリラー,ディストピアSF,映画 (特定のジャンル、例えばSF、特撮など),3
284,SF映画の特殊効果で、コンピュータグラフィックス（CG）技術を用いて、現実には存在しない映像を作り出す手法は何と呼ばれるでしょう？,CGI,VFX,SFX,アニマトロニクス,映画 (特定のジャンル、例えばSF、特撮など),2
285,SF映画のジャンルの一つであるスペースオペラにおいて、銀河規模の壮大なスケールで、国家間の対立や英雄的な冒険を描いた作品群の代表的な例は何でしょう？,スター・ウォーズ,エイリアン,ブレードランナー,2001年宇宙の旅,映画 (特定のジャンル、例えばSF、特撮など),2
286,SF映画のジャンルの一つであるサイバーパンクにおいて、情報技術が高度に発達した一方で、貧富の差が拡大し、管理社会となった暗い未来を描いた作品の代表的な例は何でしょう？,ブレードランナー,ターミネーター,マトリックス,スター・ウォーズ,映画 (特定のジャンル、例えばSF、特撮など),2
287,SF映画のジャンルの一つであるポスト・アポカリプスにおいて、文明崩壊後の荒廃した世界で生き残った人々の過酷な生活を描いた作品の代表的な例は何でしょう？,マッドマックス,スター・ウォーズ,ブレードランナー,2001年宇宙の旅,映画 (特定のジャンル、例えばSF、特撮など),2
288,SF映画のジャンルの一つであるタイムトラベルにおいて、過去や未来へ時間旅行をする際に生じる矛盾やパラドックスを描いた作品の代表的な例は何でしょう？,バック・トゥ・ザ・フューチャー,ターミネーター,インターステラー,時をかける少女,映画 (特定のジャンル、例えばSF、特撮など),3
289,SF映画の金字塔的作品「ターミネーター」シリーズで、未来から送り込まれる殺人アンドロイドであるターミネーターを演じた俳優は誰でしょう？,アーノルド・シュワルツェネッガー,シルベスター・スタローン,ブルース・ウィリス,ハリソン・フォード,映画 (特定のジャンル、例えばSF、特撮など),2
290,SF映画のイベントで、SF映画の上映だけでなく、特殊メイクやプロップの展示、SF作家や映画監督のトークショーなど、SF文化全般を楽しむことができる大規模なイベントは何でしょう？,コミコン,東京国際ファンタスティック映画祭,ゆうばり国際ファンタスティック映画祭,SF映画祭,映画 (特定のジャンル、例えばSF、特撮など),2
291,アニメの主題歌や挿入歌など、アニメ作品に関連する楽曲で、特に作品の世界観やキャラクターの感情を強く表現し、ファンに長く愛される名曲は何と呼ばれることが多いでしょう？,神曲,代表曲,主題歌,挿入歌,音楽 (アニソン、ゲーソンなど),2
292,ゲームの主題歌やBGMなど、ゲーム作品に関連する楽曲で、ゲームの雰囲気を盛り上げたり、プレイヤーの感情を揺さぶったりする印象的な楽曲は何と呼ばれることが多いでしょう？,名曲,代表曲,テーマソング,BGM,音楽 (アニソン、ゲーソンなど),2
293,アニソンの歌手で、「創聖のアクエリオン」の主題歌を歌い、その独特な歌唱法で知られるのは誰でしょう？,AKINO from bless4,水木一郎,堀江美都子,影山ヒロノブ,音楽 (アニソン、ゲーソンなど),3
294,ゲーソンのジャンルの一つで、格闘ゲームの対戦中に流れる、プレイヤーの闘志を燃え上がらせるような激しいBGMは何と呼ばれるでしょう？,対戦BGM,バトルテーマ,格闘曲,戦闘BGM,音楽 (アニソン、ゲーソンなど),2
295,アニソンのイベント「Animelo Summer Live」は、毎年夏に開催される大規模なアニソンライブですが、会場となることが多いのはどこでしょう？,さいたまスーパーアリーナ,日本武道館,東京ドーム,横浜アリーナ,音楽 (アニソン、ゲーソンなど),2
296,ゲーソンの歌手で、「ポケットモンスター」シリーズのアニメやゲームの主題歌を多数歌っていることで知られるのは誰でしょう？,松本梨香,影山ヒロノブ,奥井雅美,高橋洋子,音楽 (アニソン、ゲーソンなど),3
297,アニソンのジャンルの一つで、アニメのエンディングテーマとして、作品の余韻を残しつつ、物語を締めくくる役割を持つ楽曲は、どのような雰囲気のものが多いでしょう？,しっとりとしたバラード調,アップテンポで明るい曲調,激しいロック調,コミカルな曲調,音楽 (アニソン、ゲーソンなど),2
298,ゲーソンのイベントで、オーケストラによる演奏でゲーム音楽を堪能できるコンサートシリーズとして、日本国内で長年開催されているものは何でしょう？,ゲーム音楽コンサート,PRESS START,EXTRA,THE SYMPHONY,音楽 (アニソン、ゲーソンなど),3
299,アニソンのジャンルの一つで、アニメのキャラクターが自身の心情や状況を歌った楽曲は、作品のファンにとって特別な意味を持つことが多いですが、これは何と呼ばれるでしょう？,キャラクターソング,イメージソング,挿入歌,主題歌,音楽 (アニソン、ゲーソンなど),1
300,ゲーソンのジャンルの一つで、ロールプレイングゲーム（RPG）の広大な世界を冒険する際に流れる、壮大で美しいBGMは何と呼ばれるでしょう？,フィールド曲,戦闘曲,イベント曲,ダンジョン曲,音楽 (アニソン、ゲーソンなど),2
301,ガジェットの中でも、特に技術的な革新性や斬新なアイデアが盛り込まれた、人々の生活を便利にする小型の電子機器を指す言葉として、近年よく使われるのは何でしょう？,スマートガジェット,ウェアラブルデバイス,モバイルガジェット,デジタルガジェット,ガジェット・メカニック,2
302,メカニックの分野で、機械の設計において、3次元の形状をコンピュータ上で作成し、視覚的に確認したり、解析したりする技術は何と呼ばれるでしょう？,3D CAD,2D CAD,CAM,CAE,ガジェット・メカニック,2
303,ガジェットの種類で、スマートフォンに取り付けて、より本格的な写真撮影や動画撮影を可能にするための外部機器は何と呼ばれるでしょう？,スマホ用ジンバル,スマホ用三脚,スマホ用外付けマイク,スマホ用照明,ガジェット・メカニック,3
304,メカニックの分野で、自動車や航空機などのエンジンにおいて、燃料と空気の混合気をシリンダー内で爆発させ、そのエネルギーを回転運動に変える機構は何と呼ばれるでしょう？,内燃機関,外燃機関,ロータリーエンジン,タービンエンジン,ガジェット・メカニック,3
305,ガジェットの種類で、耳を塞がずに骨の振動で音を伝えることで、周囲の音を聞きながら音楽を楽しめるイヤホンは何と呼ばれるでしょう？,骨伝導イヤホン,ワイヤレスイヤホン,ノイズキャンセリングイヤホン,カナル型イヤホン,ガジェット・メカニック,2
306,メカニックの分野で、機械の運動や状態を自動的に制御するための理論や技術を扱う学問は何と呼ばれるでしょう？,制御工学,機械力学,材料力学,熱力学,ガジェット・メカニック,2
307,ガジェットの種類で、腕に装着して、健康管理や運動の記録、スマートフォンの通知機能などを利用できる小型のウェアラブルデバイスは何と呼ばれるでしょう？,スマートウォッチ,フィットネストラッカー,スマートバンド,ウェアラブルセンサー,ガジェット・メカニック,1
308,メカニックの分野で、機械を構成する材料の強度や耐久性、変形などの性質を研究する学問は何と呼ばれるでしょう？,材料力学,機械設計学,熱力学,流体工学,ガジェット・メカニック,2
309,ガジェットの種類で、現実の風景にコンピュータが生成した映像を重ねて表示することで、現実世界を拡張する技術を用いたヘッドマウントディスプレイは何と呼ばれるでしょう？,ARグラス（拡張現実グラス）,VRヘッドセット（仮想現実ヘッドセット）,スマートグラス,MRヘッドセット（複合現実ヘッドセット）,ガジェット・メカニック,3
310,メカニックの分野で、コンピュータで設計した3次元モデルのデータを基に、切削などの加工機械を制御して部品を製造する技術は何と呼ばれるでしょう？,CNC（コンピュータ数値制御）,CAD/CAM,3Dプリンティング,NC旋盤,ガジェット・メカニック,3